{
    "Cincinnati": {
        "precipitation_month": {
            "1": 3890,
            "2": 2372,
            "3": 2764,
            "4": 2277,
            "5": 2338,
            "6": 2512,
            "7": 978,
            "8": 653,
            "9": 1425,
            "10": 2334,
            "11": 4194,
            "12": 5527
        },
        "precipitation_yearly": 9187,
        "relative_monthly": {
            "1": 0.05573092413192555,
            "2": 0.06400348318275824,
            "3": 0.09676717100250354,
            "4": 0.05344508544682704,
            "5": 0.14368128877762054,
            "6": 0.19201044954827473,
            "7": 0.06683356917383258,
            "8": 0.03156634374659845,
            "9": 0.015783171873299227,
            "10": 0.04103624687057799,
            "11": 0.1917927506258844,
            "12": 0.047349515619897684
        }
    },
    "Seattle": {
        "precipitation_month": {
            "1": 3890,
            "2": 2372,
            "3": 2764,
            "4": 2277,
            "5": 2338,
            "6": 2512,
            "7": 978,
            "8": 653,
            "9": 1425,
            "10": 2334,
            "11": 4194,
            "12": 5527
        },
        "precipitation_yearly": 20367,
        "relative_monthly": {
            "1": 0.10826336721166593,
            "2": 0.06471252516325428,
            "3": 0.08636519860558747,
            "4": 0.06103009770707517,
            "5": 0.11017822948887906,
            "6": 0.1161192124515147,
            "7": 0.032798153876368634,
            "8": 0.01934501890312761,
            "9": 0.05602199636667158,
            "10": 0.06309225708253548,
            "11": 0.14503854274070802,
            "12": 0.13703540040261206
        }
    },
    "Maui": {
        "precipitation_month": {
            "1": 3890,
            "2": 2372,
            "3": 2764,
            "4": 2277,
            "5": 2338,
            "6": 2512,
            "7": 978,
            "8": 653,
            "9": 1425,
            "10": 2334,
            "11": 4194,
            "12": 5527
        },
        "precipitation_yearly": 25493,
        "relative_monthly": {
            "1": 0.10069430824147806,
            "2": 0.059584984113286,
            "3": 0.10277331032048014,
            "4": 0.07045071196014592,
            "5": 0.09151531793041227,
            "6": 0.098419173890872,
            "7": 0.037029772878829484,
            "8": 0.025614874671478445,
            "9": 0.055348527046640256,
            "10": 0.0673518220688032,
            "11": 0.149060526419017,
            "12": 0.14215667045855726
        }
    },
    "San Diego": {
        "precipitation_month": {
            "1": 3890,
            "2": 2372,
            "3": 2764,
            "4": 2277,
            "5": 2338,
            "6": 2512,
            "7": 978,
            "8": 653,
            "9": 1425,
            "10": 2334,
            "11": 4194,
            "12": 5527
        },
        "precipitation_yearly": 31264,
        "relative_monthly": {
            "1": 0.12442425793244627,
            "2": 0.07587001023541454,
            "3": 0.08840839303991811,
            "4": 0.0728313715455476,
            "5": 0.07478249744114637,
            "6": 0.08034800409416581,
            "7": 0.03128198567041965,
            "8": 0.020886642784032752,
            "9": 0.04557958034800409,
            "10": 0.07465455475946776,
            "11": 0.13414790174002048,
            "12": 0.17678480040941658
        }
    }
}